status,card,type,bucket_path,url
matched,"2 Pipe Snow Data Sheet","Data Sheet","solutions/snow-retention/2-pipe-snow-fence/data-sheet.pdf","https://anchor-sales-copilot.vercel.app/api/public/doc?path=solutions%2Fsnow-retention%2F2-pipe-snow-fence%2Fdata-sheet.pdf"
matched,"2 Pipe Snow Installation Sheet","Installation Sheet","solutions/snow-retention/2-pipe-snow-fence/install-sheet.pdf","https://anchor-sales-copilot.vercel.app/api/public/doc?path=solutions%2Fsnow-retention%2F2-pipe-snow-fence%2Finstall-sheet.pdf"
matched,"2 Pipe Snow Sales Sheet","Sales Sheet","solutions/snow-retention/2-pipe-snow-fence/sales-sheet.pdf","https://anchor-sales-copilot.vercel.app/api/public/doc?path=solutions%2Fsnow-retention%2F2-pipe-snow-fence%2Fsales-sheet.pdf"
matched,"2 Pipe Snow Spec","Spec","spec/Anchor Products Guide Spec U2000 U3000 REV 2.00.docx","https://anchor-sales-copilot.vercel.app/api/public/doc?path=spec%2FAnchor%20Products%20Guide%20Spec%20U2000%20U3000%20REV%202.00.docx"
matched,"2 Pipe Snow Step File","Step File","solutions/snow-retention/2-pipe-snow-fence/assembly.step","https://anchor-sales-copilot.vercel.app/api/public/doc?path=solutions%2Fsnow-retention%2F2-pipe-snow-fence%2Fassembly.step"
matched,"Attached Pipe Frame Data Sheet","Data Sheet","solutions/pipe-frame/attached/data-sheet-24x24-standard.pdf","https://anchor-sales-copilot.vercel.app/api/public/doc?path=solutions%2Fpipe-frame%2Fattached%2Fdata-sheet-24x24-standard.pdf"
matched,"Attached Pipe Frame Installation Sheet","Installation Sheet","solutions/pipe-frame/attached/install-guide.pdf","https://anchor-sales-copilot.vercel.app/api/public/doc?path=solutions%2Fpipe-frame%2Fattached%2Finstall-guide.pdf"
matched,"Attached Pipe Frame Sales Sheet","Sales Sheet","solutions/pipe-frame/attached/sales-sheet.pdf","https://anchor-sales-copilot.vercel.app/api/public/doc?path=solutions%2Fpipe-frame%2Fattached%2Fsales-sheet.pdf"
matched,"Attached Pipe Frame Spec","Spec","spec/Anchor Products Guide Spec U2000 U3000 REV 2.00.docx","https://anchor-sales-copilot.vercel.app/api/public/doc?path=spec%2FAnchor%20Products%20Guide%20Spec%20U2000%20U3000%20REV%202.00.docx"
matched,"Attached Pipe Frame Step File","Step File","solutions/pipe-frame/attached/assembly.step","https://anchor-sales-copilot.vercel.app/api/public/doc?path=solutions%2Fpipe-frame%2Fattached%2Fassembly.step"
matched,"Camera Mount Data Sheet","Data Sheet","solutions/camera-mount/data-sheet.pdf","https://anchor-sales-copilot.vercel.app/api/public/doc?path=solutions%2Fcamera-mount%2Fdata-sheet.pdf"
matched,"Camera Mount Installation Sheet","Installation Sheet","solutions/camera-mount/install-manual.pdf","https://anchor-sales-copilot.vercel.app/api/public/doc?path=solutions%2Fcamera-mount%2Finstall-manual.pdf"
matched,"Camera Mount Sales Sheet","Sales Sheet","solutions/camera-mount/sales-sheet.pdf","https://anchor-sales-copilot.vercel.app/api/public/doc?path=solutions%2Fcamera-mount%2Fsales-sheet.pdf"
matched,"Camera Mount Spec","Spec","spec/Anchor Products Guide Spec U2000 U3000 REV 2.00.docx","https://anchor-sales-copilot.vercel.app/api/public/doc?path=spec%2FAnchor%20Products%20Guide%20Spec%20U2000%20U3000%20REV%202.00.docx"
matched,"Camera Mount Step File","Step File","solutions/camera-mount/assembly.step","https://anchor-sales-copilot.vercel.app/api/public/doc?path=solutions%2Fcamera-mount%2Fassembly.step"
matched,"Duct Securement Data Sheet","Data Sheet","solutions/duct-securement/data-sheet-24x24-standard.pdf","https://anchor-sales-copilot.vercel.app/api/public/doc?path=solutions%2Fduct-securement%2Fdata-sheet-24x24-standard.pdf"
matched,"Duct Securement Installation Sheet","Installation Sheet","solutions/duct-securement/install-guide.pdf","https://anchor-sales-copilot.vercel.app/api/public/doc?path=solutions%2Fduct-securement%2Finstall-guide.pdf"
matched,"Duct Securement Sales Sheet","Sales Sheet","solutions/duct-securement/sales-sheet.pdf","https://anchor-sales-copilot.vercel.app/api/public/doc?path=solutions%2Fduct-securement%2Fsales-sheet.pdf"
matched,"Duct Securement Spec","Spec","spec/Anchor Products Guide Spec U2000 U3000 REV 2.00.docx","https://anchor-sales-copilot.vercel.app/api/public/doc?path=spec%2FAnchor%20Products%20Guide%20Spec%20U2000%20U3000%20REV%202.00.docx"
matched,"Duct Securement Step File","Step File","solutions/duct-securement/assembly.step","https://anchor-sales-copilot.vercel.app/api/public/doc?path=solutions%2Fduct-securement%2Fassembly.step"
matched,"Electrical Disconnect Box Data Sheet","Data Sheet","solutions/electrical-disconnect/data-sheet.pdf","https://anchor-sales-copilot.vercel.app/api/public/doc?path=solutions%2Felectrical-disconnect%2Fdata-sheet.pdf"
matched,"Electrical Disconnect Box Sales Sheet","Sales Sheet","solutions/electrical-disconnect/sales-sheet.pdf","https://anchor-sales-copilot.vercel.app/api/public/doc?path=solutions%2Felectrical-disconnect%2Fsales-sheet.pdf"
matched,"Electrical Disconnect Box Spec","Spec","spec/Anchor Products Guide Spec U2000 U3000 REV 2.00.docx","https://anchor-sales-copilot.vercel.app/api/public/doc?path=spec%2FAnchor%20Products%20Guide%20Spec%20U2000%20U3000%20REV%202.00.docx"
matched,"Electrical Disconnect Box Step File","Step File","solutions/electrical-disconnect/assembly.step","https://anchor-sales-copilot.vercel.app/api/public/doc?path=solutions%2Felectrical-disconnect%2Fassembly.step"
matched,"Elevated Stack Data Sheet","Data Sheet","solutions/elevated-stack/Tower/Stack Securement - 2000 Series U-Anchor/data-sheet.pdf","https://anchor-sales-copilot.vercel.app/api/public/doc?path=solutions%2Felevated-stack%2FTower%2FStack%20Securement%20-%202000%20Series%20U-Anchor%2Fdata-sheet.pdf"
matched,"Elevated Stack Installation Sheet","Installation Sheet","solutions/elevated-stack/Tower/Stack Securement - 2000 Series U-Anchor/install-manual.pdf","https://anchor-sales-copilot.vercel.app/api/public/doc?path=solutions%2Felevated-stack%2FTower%2FStack%20Securement%20-%202000%20Series%20U-Anchor%2Finstall-manual.pdf"
matched,"Elevated Stack Sales Sheet","Sales Sheet","solutions/elevated-stack/Tower/Stack Securement - 2000 Series U-Anchor/sales-sheet.pdf","https://anchor-sales-copilot.vercel.app/api/public/doc?path=solutions%2Felevated-stack%2FTower%2FStack%20Securement%20-%202000%20Series%20U-Anchor%2Fsales-sheet.pdf"
matched,"Elevated Stack Spec","Spec","spec/Anchor Products Guide Spec U2000 U3000 REV 2.00.docx","https://anchor-sales-copilot.vercel.app/api/public/doc?path=spec%2FAnchor%20Products%20Guide%20Spec%20U2000%20U3000%20REV%202.00.docx"
matched,"Equipment Screen Sales Sheet","Sales Sheet","solutions/equipment-screen/sales-sheet.pdf","https://anchor-sales-copilot.vercel.app/api/public/doc?path=solutions%2Fequipment-screen%2Fsales-sheet.pdf"
matched,"Equipment Screen Spec","Spec","spec/Anchor Products Guide Spec U2000 U3000 REV 2.00.docx","https://anchor-sales-copilot.vercel.app/api/public/doc?path=spec%2FAnchor%20Products%20Guide%20Spec%20U2000%20U3000%20REV%202.00.docx"
matched,"Equipment Screen Step File","Step File","solutions/equipment-screen/assembly.step","https://anchor-sales-copilot.vercel.app/api/public/doc?path=solutions%2Fequipment-screen%2Fassembly.step"
matched,"Existing Frame Data Sheet","Data Sheet","solutions/pipe-frame/exisiting/data-sheet-24x24-standard.pdf","https://anchor-sales-copilot.vercel.app/api/public/doc?path=solutions%2Fpipe-frame%2Fexisiting%2Fdata-sheet-24x24-standard.pdf"
matched,"Existing Frame Install Sheet","Install Sheet","solutions/pipe-frame/exisiting/install-guide.pdf","https://anchor-sales-copilot.vercel.app/api/public/doc?path=solutions%2Fpipe-frame%2Fexisiting%2Finstall-guide.pdf"
matched,"Existing Frame Sales Sheet","Sales Sheet","solutions/pipe-frame/exisiting/sales-sheet.pdf","https://anchor-sales-copilot.vercel.app/api/public/doc?path=solutions%2Fpipe-frame%2Fexisiting%2Fsales-sheet.pdf"
matched,"Existing Frame Spec","Spec","spec/Anchor Products Guide Spec U2000 U3000 REV 2.00.docx","https://anchor-sales-copilot.vercel.app/api/public/doc?path=spec%2FAnchor%20Products%20Guide%20Spec%20U2000%20U3000%20REV%202.00.docx"
matched,"Existing Mechanical Tie Down Data Sheet","Data Sheet","solutions/existing-mechanical-tie-down/data-sheet.pdf","https://anchor-sales-copilot.vercel.app/api/public/doc?path=solutions%2Fexisting-mechanical-tie-down%2Fdata-sheet.pdf"
matched,"Existing Mechanical Tie Down Installation Sheet","Installation Sheet","solutions/existing-mechanical-tie-down/install-manual.pdf","https://anchor-sales-copilot.vercel.app/api/public/doc?path=solutions%2Fexisting-mechanical-tie-down%2Finstall-manual.pdf"
matched,"Existing Mechanical Tie Down Sales Sheet","Sales Sheet","solutions/existing-mechanical-tie-down/sales-sheet.pdf","https://anchor-sales-copilot.vercel.app/api/public/doc?path=solutions%2Fexisting-mechanical-tie-down%2Fsales-sheet.pdf"
matched,"Existing Mechanical Tie Down Spec","Spec","spec/Anchor Products Guide Spec U2000 U3000 REV 2.00.docx","https://anchor-sales-copilot.vercel.app/api/public/doc?path=spec%2FAnchor%20Products%20Guide%20Spec%20U2000%20U3000%20REV%202.00.docx"
matched,"Existing Mechanical Tie Down Step File","Step File","solutions/existing-mechanical-tie-down/assembly.step","https://anchor-sales-copilot.vercel.app/api/public/doc?path=solutions%2Fexisting-mechanical-tie-down%2Fassembly.step"
matched,"Guy Wire Data Sheet","Data Sheet","solutions/guy-wire-kit/data-sheet.pdf","https://anchor-sales-copilot.vercel.app/api/public/doc?path=solutions%2Fguy-wire-kit%2Fdata-sheet.pdf"
matched,"Guy Wire Installation Sheet","Installation Sheet","solutions/guy-wire-kit/install-manual.pdf","https://anchor-sales-copilot.vercel.app/api/public/doc?path=solutions%2Fguy-wire-kit%2Finstall-manual.pdf"
matched,"Guy Wire Sales Sheet","Sales Sheet","solutions/guy-wire-kit/sales-sheet.pdf","https://anchor-sales-copilot.vercel.app/api/public/doc?path=solutions%2Fguy-wire-kit%2Fsales-sheet.pdf"
matched,"Guy Wire Spec","Spec","spec/Anchor Products Guide Spec U2000 U3000 REV 2.00.docx","https://anchor-sales-copilot.vercel.app/api/public/doc?path=spec%2FAnchor%20Products%20Guide%20Spec%20U2000%20U3000%20REV%202.00.docx"
matched,"Guy Wire Step File","Step File","solutions/guy-wire-kit/assembly.step","https://anchor-sales-copilot.vercel.app/api/public/doc?path=solutions%2Fguy-wire-kit%2Fassembly.step"
matched,"Light Mount Data Sheet","Data Sheet","solutions/light-mount/data-sheet.pdf","https://anchor-sales-copilot.vercel.app/api/public/doc?path=solutions%2Flight-mount%2Fdata-sheet.pdf"
matched,"Light Mount Installation Sheet","Installation Sheet","solutions/light-mount/install-manual.pdf","https://anchor-sales-copilot.vercel.app/api/public/doc?path=solutions%2Flight-mount%2Finstall-manual.pdf"
matched,"Light Mount Sales Sheet","Sales Sheet","solutions/light-mount/sales-sheet.pdf","https://anchor-sales-copilot.vercel.app/api/public/doc?path=solutions%2Flight-mount%2Fsales-sheet.pdf"
matched,"Light Mount Spec","Spec","spec/Anchor Products Guide Spec U2000 U3000 REV 2.00.docx","https://anchor-sales-copilot.vercel.app/api/public/doc?path=spec%2FAnchor%20Products%20Guide%20Spec%20U2000%20U3000%20REV%202.00.docx"
matched,"Light Mount Step File","Step File","solutions/light-mount/assembly.step","https://anchor-sales-copilot.vercel.app/api/public/doc?path=solutions%2Flight-mount%2Fassembly.step"
matched,"Lightning Sales Sheet","Sales Sheet","solutions/lightning/sales-sheet.pdf","https://anchor-sales-copilot.vercel.app/api/public/doc?path=solutions%2Flightning%2Fsales-sheet.pdf"
matched,"Lightning Spec","Spec","spec/Anchor Products Guide Spec U2000 U3000 REV 2.00.docx","https://anchor-sales-copilot.vercel.app/api/public/doc?path=spec%2FAnchor%20Products%20Guide%20Spec%20U2000%20U3000%20REV%202.00.docx"
matched,"Pipe Securement Spec","Spec","spec/Anchor Products Guide Spec U2000 U3000 REV 2.00.docx","https://anchor-sales-copilot.vercel.app/api/public/doc?path=spec%2FAnchor%20Products%20Guide%20Spec%20U2000%20U3000%20REV%202.00.docx"
matched,"Roof Ladder Data Sheet","Data Sheet","solutions/roof-ladder/data-sheet.pdf","https://anchor-sales-copilot.vercel.app/api/public/doc?path=solutions%2Froof-ladder%2Fdata-sheet.pdf"
matched,"Roof Ladder Installation Sheet","Installation Sheet","solutions/roof-ladder/install-manual.pdf","https://anchor-sales-copilot.vercel.app/api/public/doc?path=solutions%2Froof-ladder%2Finstall-manual.pdf"
matched,"Roof Ladder Sales Sheet","Sales Sheet","solutions/roof-ladder/sales-sheet.pdf","https://anchor-sales-copilot.vercel.app/api/public/doc?path=solutions%2Froof-ladder%2Fsales-sheet.pdf"
matched,"Roof Ladder Spec","Spec","spec/Anchor Products Guide Spec U2000 U3000 REV 2.00.docx","https://anchor-sales-copilot.vercel.app/api/public/doc?path=spec%2FAnchor%20Products%20Guide%20Spec%20U2000%20U3000%20REV%202.00.docx"
matched,"Roof Ladder Step File","Step File","solutions/roof-ladder/assembly.step","https://anchor-sales-copilot.vercel.app/api/public/doc?path=solutions%2Froof-ladder%2Fassembly.step"
matched,"Roof Mounted Box Data Sheet","Data Sheet","solutions/roof-box/data-sheet.pdf","https://anchor-sales-copilot.vercel.app/api/public/doc?path=solutions%2Froof-box%2Fdata-sheet.pdf"
matched,"Roof Mounted Box Installation Sheet","Installation Sheet","solutions/roof-box/install-manual.pdf","https://anchor-sales-copilot.vercel.app/api/public/doc?path=solutions%2Froof-box%2Finstall-manual.pdf"
matched,"Roof Mounted Box Sales Sheet","Sales Sheet","solutions/roof-box/sales-sheet.pdf","https://anchor-sales-copilot.vercel.app/api/public/doc?path=solutions%2Froof-box%2Fsales-sheet.pdf"
matched,"Roof Mounted Box Spec","Spec","spec/Anchor Products Guide Spec U2000 U3000 REV 2.00.docx","https://anchor-sales-copilot.vercel.app/api/public/doc?path=spec%2FAnchor%20Products%20Guide%20Spec%20U2000%20U3000%20REV%202.00.docx"
matched,"Roof Mounted Box Step File","Step File","solutions/roof-box/assembly.step","https://anchor-sales-copilot.vercel.app/api/public/doc?path=solutions%2Froof-box%2Fassembly.step"
matched,"Roof Mounted Guardrail Data Sheet","Data Sheet","solutions/roof-guardrail/data-sheet.pdf","https://anchor-sales-copilot.vercel.app/api/public/doc?path=solutions%2Froof-guardrail%2Fdata-sheet.pdf"
matched,"Roof Mounted Guardrail Installation Sheet","Installation Sheet","solutions/roof-guardrail/install-manual.pdf","https://anchor-sales-copilot.vercel.app/api/public/doc?path=solutions%2Froof-guardrail%2Finstall-manual.pdf"
matched,"Roof Mounted Guardrail Sales Sheet","Sales Sheet","solutions/roof-guardrail/sales-sheet.pdf","https://anchor-sales-copilot.vercel.app/api/public/doc?path=solutions%2Froof-guardrail%2Fsales-sheet.pdf"
matched,"Roof Mounted Guardrail Spec","Spec","spec/Anchor Products Guide Spec U2000 U3000 REV 2.00.docx","https://anchor-sales-copilot.vercel.app/api/public/doc?path=spec%2FAnchor%20Products%20Guide%20Spec%20U2000%20U3000%20REV%202.00.docx"
matched,"Roof Stairs & Walkways Data Sheet","Data Sheet","solutions/roof-stairs-walkways/single-stair/data-sheet.pdf","https://anchor-sales-copilot.vercel.app/api/public/doc?path=solutions%2Froof-stairs-walkways%2Fsingle-stair%2Fdata-sheet.pdf"
matched,"Roof Stairs & Walkways Sales Sheet","Sales Sheet","solutions/roof-stairs-walkways/single-stair/sales-sheet.pdf","https://anchor-sales-copilot.vercel.app/api/public/doc?path=solutions%2Froof-stairs-walkways%2Fsingle-stair%2Fsales-sheet.pdf"
matched,"Roof Stairs & Walkways Spec","Spec","spec/Anchor Products Guide Spec U2000 U3000 REV 2.00.docx","https://anchor-sales-copilot.vercel.app/api/public/doc?path=spec%2FAnchor%20Products%20Guide%20Spec%20U2000%20U3000%20REV%202.00.docx"
matched,"Roof Stairs & Walkways Step File","Step File","solutions/roof-stairs-walkways/double-stair/assembly.step","https://anchor-sales-copilot.vercel.app/api/public/doc?path=solutions%2Froof-stairs-walkways%2Fdouble-stair%2Fassembly.step"
matched,"Satellite Installation Sheet","Installation Sheet","solutions/satellite-dish/install-manual.pdf","https://anchor-sales-copilot.vercel.app/api/public/doc?path=solutions%2Fsatellite-dish%2Finstall-manual.pdf"
matched,"Satellite Sales Sheet","Sales Sheet","solutions/satellite-dish/sales-sheet.pdf","https://anchor-sales-copilot.vercel.app/api/public/doc?path=solutions%2Fsatellite-dish%2Fsales-sheet.pdf"
matched,"Satellite Spec","Spec","spec/Anchor Products Guide Spec U2000 U3000 REV 2.00.docx","https://anchor-sales-copilot.vercel.app/api/public/doc?path=spec%2FAnchor%20Products%20Guide%20Spec%20U2000%20U3000%20REV%202.00.docx"
matched,"Satellite Step File","Step File","solutions/satellite-dish/assembly.step","https://anchor-sales-copilot.vercel.app/api/public/doc?path=solutions%2Fsatellite-dish%2Fassembly.step"
matched,"Signage Sales Sheet","Sales Sheet","solutions/signage/sales-sheet.pdf","https://anchor-sales-copilot.vercel.app/api/public/doc?path=solutions%2Fsignage%2Fsales-sheet.pdf"
matched,"Signage Spec","Spec","spec/Anchor Products Guide Spec U2000 U3000 REV 2.00.docx","https://anchor-sales-copilot.vercel.app/api/public/doc?path=spec%2FAnchor%20Products%20Guide%20Spec%20U2000%20U3000%20REV%202.00.docx"
matched,"Solar Spec","Spec","spec/Anchor Products Guide Spec U2000 U3000 REV 2.00.docx","https://anchor-sales-copilot.vercel.app/api/public/doc?path=spec%2FAnchor%20Products%20Guide%20Spec%20U2000%20U3000%20REV%202.00.docx"
matched,"Solar Step File","Step File","solutions/solar/assembly.step","https://anchor-sales-copilot.vercel.app/api/public/doc?path=solutions%2Fsolar%2Fassembly.step"
matched,"U2200 DWG","DWG","anchor/u-anchors/u2200/plate/cad.dwg","https://anchor-sales-copilot.vercel.app/api/public/doc?path=anchor%2Fu-anchors%2Fu2200%2Fplate%2Fcad.dwg"
matched,"U2200 Plate Sell Sheet","Sell Sheet","anchor/u-anchors/u2200/plate/sales-sheet.pdf","https://anchor-sales-copilot.vercel.app/api/public/doc?path=anchor%2Fu-anchors%2Fu2200%2Fplate%2Fsales-sheet.pdf"
matched,"U2200 Plate Technical Data Sheet","Technical Data Sheet","anchor/u-anchors/u2200/plate/data-sheet.pdf","https://anchor-sales-copilot.vercel.app/api/public/doc?path=anchor%2Fu-anchors%2Fu2200%2Fplate%2Fdata-sheet.pdf"
matched,"U2400 EDPM Install Sheet","EDPM Install Sheet","anchor/u-anchors/u2400/epdm/install-manual.pdf","https://anchor-sales-copilot.vercel.app/api/public/doc?path=anchor%2Fu-anchors%2Fu2400%2Fepdm%2Finstall-manual.pdf"
matched,"U2600 SBS Installation Sheet","SBS Installation Sheet","anchor/u-anchors/u2600/sbs/install-manual.pdf","https://anchor-sales-copilot.vercel.app/api/public/doc?path=anchor%2Fu-anchors%2Fu2600%2Fsbs%2Finstall-manual.pdf"
matched,"U2800 DWG","DWG","anchor/u-anchors/u2800/coatings/cad.dwg","https://anchor-sales-copilot.vercel.app/api/public/doc?path=anchor%2Fu-anchors%2Fu2800%2Fcoatings%2Fcad.dwg"
matched,"U2800 Sell Sheet","Sell Sheet","anchor/u-anchors/u2800/coatings/sales-sheet.pdf","https://anchor-sales-copilot.vercel.app/api/public/doc?path=anchor%2Fu-anchors%2Fu2800%2Fcoatings%2Fsales-sheet.pdf"
matched,"U2800 Technical Data Sheet","Technical Data Sheet","anchor/u-anchors/u2800/coatings/data-sheet.pdf","https://anchor-sales-copilot.vercel.app/api/public/doc?path=anchor%2Fu-anchors%2Fu2800%2Fcoatings%2Fdata-sheet.pdf"
matched,"U3200 DWG","DWG","anchor/u-anchors/u3200/plate/cad.dwg","https://anchor-sales-copilot.vercel.app/api/public/doc?path=anchor%2Fu-anchors%2Fu3200%2Fplate%2Fcad.dwg"
matched,"U3200 Sell Sheet","Sell Sheet","anchor/u-anchors/u3200/plate/sales-sheet.pdf","https://anchor-sales-copilot.vercel.app/api/public/doc?path=anchor%2Fu-anchors%2Fu3200%2Fplate%2Fsales-sheet.pdf"
matched,"U3200 Technical Data Sheet","Technical Data Sheet","anchor/u-anchors/u3200/plate/data-sheet.pdf","https://anchor-sales-copilot.vercel.app/api/public/doc?path=anchor%2Fu-anchors%2Fu3200%2Fplate%2Fdata-sheet.pdf"
matched,"U3800 DWG","DWG","anchor/u-anchors/u3800/coatings/cad.dwg","https://anchor-sales-copilot.vercel.app/api/public/doc?path=anchor%2Fu-anchors%2Fu3800%2Fcoatings%2Fcad.dwg"
matched,"U3800 Sell Sheet","Sell Sheet","anchor/u-anchors/u3800/coatings/sales-sheet.pdf","https://anchor-sales-copilot.vercel.app/api/public/doc?path=anchor%2Fu-anchors%2Fu3800%2Fcoatings%2Fsales-sheet.pdf"
matched,"U3800 Technical Data Sheet","Technical Data Sheet","anchor/u-anchors/u3800/coatings/data-sheet.pdf","https://anchor-sales-copilot.vercel.app/api/public/doc?path=anchor%2Fu-anchors%2Fu3800%2Fcoatings%2Fdata-sheet.pdf"
matched,"Unitized Snow Fence Data Sheet","Data Sheet","solutions/snow-retention/unitized-snow-fence/data-sheet.pdf","https://anchor-sales-copilot.vercel.app/api/public/doc?path=solutions%2Fsnow-retention%2Funitized-snow-fence%2Fdata-sheet.pdf"
matched,"Unitized Snow Fence Sales Sheet","Sales Sheet","solutions/snow-retention/unitized-snow-fence/sales-sheet.pdf","https://anchor-sales-copilot.vercel.app/api/public/doc?path=solutions%2Fsnow-retention%2Funitized-snow-fence%2Fsales-sheet.pdf"
matched,"Unitized Snow Fence Spec","Spec","spec/Anchor Products Guide Spec U2000 U3000 REV 2.00.docx","https://anchor-sales-copilot.vercel.app/api/public/doc?path=spec%2FAnchor%20Products%20Guide%20Spec%20U2000%20U3000%20REV%202.00.docx"
matched,"Unitized Snow Fence Step File","Step File","solutions/snow-retention/unitized-snow-fence/assembly.step","https://anchor-sales-copilot.vercel.app/api/public/doc?path=solutions%2Fsnow-retention%2Funitized-snow-fence%2Fassembly.step"
matched,"Wall Mounted Box Installation Sheet","Installation Sheet","solutions/wall-box/install-manual.pdf","https://anchor-sales-copilot.vercel.app/api/public/doc?path=solutions%2Fwall-box%2Finstall-manual.pdf"
matched,"Wall Mounted Box Spec","Spec","spec/Anchor Products Guide Spec U2000 U3000 REV 2.00.docx","https://anchor-sales-copilot.vercel.app/api/public/doc?path=spec%2FAnchor%20Products%20Guide%20Spec%20U2000%20U3000%20REV%202.00.docx"
matched,"Wall Mounted Box Step File","Step File","solutions/wall-box/assembly.step","https://anchor-sales-copilot.vercel.app/api/public/doc?path=solutions%2Fwall-box%2Fassembly.step"
matched,"Wall Mounted Guardrail Data Sheet","Data Sheet","solutions/wall-guardrail/data-sheet.pdf","https://anchor-sales-copilot.vercel.app/api/public/doc?path=solutions%2Fwall-guardrail%2Fdata-sheet.pdf"
matched,"Wall Mounted Guardrail Installation Sheet","Installation Sheet","solutions/wall-guardrail/install-manual.pdf","https://anchor-sales-copilot.vercel.app/api/public/doc?path=solutions%2Fwall-guardrail%2Finstall-manual.pdf"
matched,"Wall Mounted Guardrail Sales Sheet","Sales Sheet","solutions/wall-guardrail/sales-sheet.pdf","https://anchor-sales-copilot.vercel.app/api/public/doc?path=solutions%2Fwall-guardrail%2Fsales-sheet.pdf"
matched,"Wall Mounted Guardrail Spec","Spec","spec/Anchor Products Guide Spec U2000 U3000 REV 2.00.docx","https://anchor-sales-copilot.vercel.app/api/public/doc?path=spec%2FAnchor%20Products%20Guide%20Spec%20U2000%20U3000%20REV%202.00.docx"
matched,"Wall Mounted Guardrail Step File","Step File","solutions/wall-guardrail/assembly.step","https://anchor-sales-copilot.vercel.app/api/public/doc?path=solutions%2Fwall-guardrail%2Fassembly.step"
choose,"Elevated Stack Step File","Step File","solutions/elevated-stack/Tower/Stack Securement - 2000 Series U-Anchor/assembly.step","https://anchor-sales-copilot.vercel.app/api/public/doc?path=solutions%2Felevated-stack%2FTower%2FStack%20Securement%20-%202000%20Series%20U-Anchor%2Fassembly.step"
choose,"Elevated Stack Step File","Step File","solutions/elevated-stack/wall-stack/assembly.step","https://anchor-sales-copilot.vercel.app/api/public/doc?path=solutions%2Felevated-stack%2Fwall-stack%2Fassembly.step"
choose,"Pipe Securement Data Sheet","Data Sheet","solutions/pipe-securement-utility-corridor/Data-Sheet.pdf","https://anchor-sales-copilot.vercel.app/api/public/doc?path=solutions%2Fpipe-securement-utility-corridor%2FData-Sheet.pdf"
choose,"Pipe Securement Data Sheet","Data Sheet","solutions/pss-0305-pipe-securement-6-base/Data-Sheet.pdf","https://anchor-sales-copilot.vercel.app/api/public/doc?path=solutions%2Fpss-0305-pipe-securement-6-base%2FData-Sheet.pdf"
choose,"Pipe Securement Data Sheet","Data Sheet","solutions/pss-0310-pipe-support-securement-strut-assembly/Data-Sheet.pdf","https://anchor-sales-copilot.vercel.app/api/public/doc?path=solutions%2Fpss-0310-pipe-support-securement-strut-assembly%2FData-Sheet.pdf"
choose,"Pipe Securement Data Sheet","Data Sheet","solutions/pss-0320-pipe-support-securement-roller-assembly/Data-Sheet.pdf","https://anchor-sales-copilot.vercel.app/api/public/doc?path=solutions%2Fpss-0320-pipe-support-securement-roller-assembly%2FData-Sheet.pdf"
choose,"Pipe Securement Installation Sheet","Installation Sheet","solutions/pss-0305-pipe-securement-6-base/Install-Sheet.pdf","https://anchor-sales-copilot.vercel.app/api/public/doc?path=solutions%2Fpss-0305-pipe-securement-6-base%2FInstall-Sheet.pdf"
choose,"Pipe Securement Installation Sheet","Installation Sheet","solutions/pss-0310-pipe-support-securement-strut-assembly/Install-Sheet.pdf","https://anchor-sales-copilot.vercel.app/api/public/doc?path=solutions%2Fpss-0310-pipe-support-securement-strut-assembly%2FInstall-Sheet.pdf"
choose,"Pipe Securement Installation Sheet","Installation Sheet","solutions/pss-0320-pipe-support-securement-roller-assembly/install-guide.pdf","https://anchor-sales-copilot.vercel.app/api/public/doc?path=solutions%2Fpss-0320-pipe-support-securement-roller-assembly%2Finstall-guide.pdf"
choose,"Pipe Securement Sales Sheet","Sales Sheet","solutions/pss-0310-pipe-support-securement-strut-assembly/Sales-Sheet.pdf","https://anchor-sales-copilot.vercel.app/api/public/doc?path=solutions%2Fpss-0310-pipe-support-securement-strut-assembly%2FSales-Sheet.pdf"
choose,"Pipe Securement Sales Sheet","Sales Sheet","solutions/pss-0320-pipe-support-securement-roller-assembly/sales-sheet.pdf","https://anchor-sales-copilot.vercel.app/api/public/doc?path=solutions%2Fpss-0320-pipe-support-securement-roller-assembly%2Fsales-sheet.pdf"
choose,"U2000 DWG","DWG","anchor/u-anchors/u2000/kee/cad.dwg","https://anchor-sales-copilot.vercel.app/api/public/doc?path=anchor%2Fu-anchors%2Fu2000%2Fkee%2Fcad.dwg"
choose,"U2000 DWG","DWG","anchor/u-anchors/u2000/pvc/cad.dwg","https://anchor-sales-copilot.vercel.app/api/public/doc?path=anchor%2Fu-anchors%2Fu2000%2Fpvc%2Fcad.dwg"
choose,"U2000 DWG","DWG","anchor/u-anchors/u2000/tpo/cad.dwg","https://anchor-sales-copilot.vercel.app/api/public/doc?path=anchor%2Fu-anchors%2Fu2000%2Ftpo%2Fcad.dwg"
choose,"U2000 Installation Sheet","Installation Sheet","anchor/u-anchors/u2000/kee/install-manual.pdf","https://anchor-sales-copilot.vercel.app/api/public/doc?path=anchor%2Fu-anchors%2Fu2000%2Fkee%2Finstall-manual.pdf"
choose,"U2000 Installation Sheet","Installation Sheet","anchor/u-anchors/u2000/pvc/install-manual.pdf","https://anchor-sales-copilot.vercel.app/api/public/doc?path=anchor%2Fu-anchors%2Fu2000%2Fpvc%2Finstall-manual.pdf"
choose,"U2000 Installation Sheet","Installation Sheet","anchor/u-anchors/u2000/tpo/install-manual.pdf","https://anchor-sales-copilot.vercel.app/api/public/doc?path=anchor%2Fu-anchors%2Fu2000%2Ftpo%2Finstall-manual.pdf"
choose,"U2000 Sell Sheet","Sell Sheet","anchor/u-anchors/u2000/kee/sales-sheet.pdf","https://anchor-sales-copilot.vercel.app/api/public/doc?path=anchor%2Fu-anchors%2Fu2000%2Fkee%2Fsales-sheet.pdf"
choose,"U2000 Sell Sheet","Sell Sheet","anchor/u-anchors/u2000/pvc/sales-sheet.pdf","https://anchor-sales-copilot.vercel.app/api/public/doc?path=anchor%2Fu-anchors%2Fu2000%2Fpvc%2Fsales-sheet.pdf"
choose,"U2000 Sell Sheet","Sell Sheet","anchor/u-anchors/u2000/tpo/sales-sheet.pdf","https://anchor-sales-copilot.vercel.app/api/public/doc?path=anchor%2Fu-anchors%2Fu2000%2Ftpo%2Fsales-sheet.pdf"
choose,"U2000 Technical Data Sheet","Technical Data Sheet","anchor/u-anchors/u2000/kee/data-sheet.pdf","https://anchor-sales-copilot.vercel.app/api/public/doc?path=anchor%2Fu-anchors%2Fu2000%2Fkee%2Fdata-sheet.pdf"
choose,"U2000 Technical Data Sheet","Technical Data Sheet","anchor/u-anchors/u2000/pvc/data-sheet.pdf","https://anchor-sales-copilot.vercel.app/api/public/doc?path=anchor%2Fu-anchors%2Fu2000%2Fpvc%2Fdata-sheet.pdf"
choose,"U2000 Technical Data Sheet","Technical Data Sheet","anchor/u-anchors/u2000/tpo/data-sheet.pdf","https://anchor-sales-copilot.vercel.app/api/public/doc?path=anchor%2Fu-anchors%2Fu2000%2Ftpo%2Fdata-sheet.pdf"
choose,"U2400 DWG","DWG","anchor/u-anchors/u2400/epdm/cad.dwg","https://anchor-sales-copilot.vercel.app/api/public/doc?path=anchor%2Fu-anchors%2Fu2400%2Fepdm%2Fcad.dwg"
choose,"U2400 DWG","DWG","anchor/u-anchors/u2400/kee/cad.dwg","https://anchor-sales-copilot.vercel.app/api/public/doc?path=anchor%2Fu-anchors%2Fu2400%2Fkee%2Fcad.dwg"
choose,"U2400 DWG","DWG","anchor/u-anchors/u2400/pvc/cad.dwg","https://anchor-sales-copilot.vercel.app/api/public/doc?path=anchor%2Fu-anchors%2Fu2400%2Fpvc%2Fcad.dwg"
choose,"U2400 DWG","DWG","anchor/u-anchors/u2400/tpo/cad.dwg","https://anchor-sales-copilot.vercel.app/api/public/doc?path=anchor%2Fu-anchors%2Fu2400%2Ftpo%2Fcad.dwg"
choose,"U2400 Installation Sheet","Installation Sheet","anchor/u-anchors/u2400/epdm/install-manual.pdf","https://anchor-sales-copilot.vercel.app/api/public/doc?path=anchor%2Fu-anchors%2Fu2400%2Fepdm%2Finstall-manual.pdf"
choose,"U2400 Installation Sheet","Installation Sheet","anchor/u-anchors/u2400/kee/install-manual.pdf","https://anchor-sales-copilot.vercel.app/api/public/doc?path=anchor%2Fu-anchors%2Fu2400%2Fkee%2Finstall-manual.pdf"
choose,"U2400 Installation Sheet","Installation Sheet","anchor/u-anchors/u2400/pvc/install-manual.pdf","https://anchor-sales-copilot.vercel.app/api/public/doc?path=anchor%2Fu-anchors%2Fu2400%2Fpvc%2Finstall-manual.pdf"
choose,"U2400 Installation Sheet","Installation Sheet","anchor/u-anchors/u2400/tpo/install-manual.pdf","https://anchor-sales-copilot.vercel.app/api/public/doc?path=anchor%2Fu-anchors%2Fu2400%2Ftpo%2Finstall-manual.pdf"
choose,"U2400 Sell Sheet","Sell Sheet","anchor/u-anchors/u2400/epdm/sales-sheet.pdf","https://anchor-sales-copilot.vercel.app/api/public/doc?path=anchor%2Fu-anchors%2Fu2400%2Fepdm%2Fsales-sheet.pdf"
choose,"U2400 Sell Sheet","Sell Sheet","anchor/u-anchors/u2400/kee/sales-sheet.pdf","https://anchor-sales-copilot.vercel.app/api/public/doc?path=anchor%2Fu-anchors%2Fu2400%2Fkee%2Fsales-sheet.pdf"
choose,"U2400 Sell Sheet","Sell Sheet","anchor/u-anchors/u2400/pvc/sales-sheet.pdf","https://anchor-sales-copilot.vercel.app/api/public/doc?path=anchor%2Fu-anchors%2Fu2400%2Fpvc%2Fsales-sheet.pdf"
choose,"U2400 Sell Sheet","Sell Sheet","anchor/u-anchors/u2400/tpo/sales-sheet.pdf","https://anchor-sales-copilot.vercel.app/api/public/doc?path=anchor%2Fu-anchors%2Fu2400%2Ftpo%2Fsales-sheet.pdf"
choose,"U2400 Technical Data Sheet","Technical Data Sheet","anchor/u-anchors/u2400/epdm/data-sheet.pdf","https://anchor-sales-copilot.vercel.app/api/public/doc?path=anchor%2Fu-anchors%2Fu2400%2Fepdm%2Fdata-sheet.pdf"
choose,"U2400 Technical Data Sheet","Technical Data Sheet","anchor/u-anchors/u2400/kee/data-sheet.pdf","https://anchor-sales-copilot.vercel.app/api/public/doc?path=anchor%2Fu-anchors%2Fu2400%2Fkee%2Fdata-sheet.pdf"
choose,"U2400 Technical Data Sheet","Technical Data Sheet","anchor/u-anchors/u2400/pvc/data-sheet.pdf","https://anchor-sales-copilot.vercel.app/api/public/doc?path=anchor%2Fu-anchors%2Fu2400%2Fpvc%2Fdata-sheet.pdf"
choose,"U2400 Technical Data Sheet","Technical Data Sheet","anchor/u-anchors/u2400/tpo/data-sheet.pdf","https://anchor-sales-copilot.vercel.app/api/public/doc?path=anchor%2Fu-anchors%2Fu2400%2Ftpo%2Fdata-sheet.pdf"
choose,"U2600 DWG","DWG","anchor/u-anchors/u2600/app/cad.dwg","https://anchor-sales-copilot.vercel.app/api/public/doc?path=anchor%2Fu-anchors%2Fu2600%2Fapp%2Fcad.dwg"
choose,"U2600 DWG","DWG","anchor/u-anchors/u2600/sbs-torch/cad.dwg","https://anchor-sales-copilot.vercel.app/api/public/doc?path=anchor%2Fu-anchors%2Fu2600%2Fsbs-torch%2Fcad.dwg"
choose,"U2600 DWG","DWG","anchor/u-anchors/u2600/sbs/cad.dwg","https://anchor-sales-copilot.vercel.app/api/public/doc?path=anchor%2Fu-anchors%2Fu2600%2Fsbs%2Fcad.dwg"
choose,"U2600 Installation Sheet","Installation Sheet","anchor/u-anchors/u2600/app/install-manual.pdf","https://anchor-sales-copilot.vercel.app/api/public/doc?path=anchor%2Fu-anchors%2Fu2600%2Fapp%2Finstall-manual.pdf"
choose,"U2600 Installation Sheet","Installation Sheet","anchor/u-anchors/u2600/sbs-torch/install-manual.pdf","https://anchor-sales-copilot.vercel.app/api/public/doc?path=anchor%2Fu-anchors%2Fu2600%2Fsbs-torch%2Finstall-manual.pdf"
choose,"U2600 Installation Sheet","Installation Sheet","anchor/u-anchors/u2600/sbs/install-manual.pdf","https://anchor-sales-copilot.vercel.app/api/public/doc?path=anchor%2Fu-anchors%2Fu2600%2Fsbs%2Finstall-manual.pdf"
choose,"U2600 Sell Sheet","Sell Sheet","anchor/u-anchors/u2600/app/sales-sheet.pdf","https://anchor-sales-copilot.vercel.app/api/public/doc?path=anchor%2Fu-anchors%2Fu2600%2Fapp%2Fsales-sheet.pdf"
choose,"U2600 Sell Sheet","Sell Sheet","anchor/u-anchors/u2600/sbs-torch/sales-sheet.pdf","https://anchor-sales-copilot.vercel.app/api/public/doc?path=anchor%2Fu-anchors%2Fu2600%2Fsbs-torch%2Fsales-sheet.pdf"
choose,"U2600 Sell Sheet","Sell Sheet","anchor/u-anchors/u2600/sbs/sales-sheet.pdf","https://anchor-sales-copilot.vercel.app/api/public/doc?path=anchor%2Fu-anchors%2Fu2600%2Fsbs%2Fsales-sheet.pdf"
choose,"U2600 Technical Data Sheet","Technical Data Sheet","anchor/u-anchors/u2600/app/data-sheet.pdf","https://anchor-sales-copilot.vercel.app/api/public/doc?path=anchor%2Fu-anchors%2Fu2600%2Fapp%2Fdata-sheet.pdf"
choose,"U2600 Technical Data Sheet","Technical Data Sheet","anchor/u-anchors/u2600/sbs-torch/data-sheet.pdf","https://anchor-sales-copilot.vercel.app/api/public/doc?path=anchor%2Fu-anchors%2Fu2600%2Fsbs-torch%2Fdata-sheet.pdf"
choose,"U2600 Technical Data Sheet","Technical Data Sheet","anchor/u-anchors/u2600/sbs/data-sheet.pdf","https://anchor-sales-copilot.vercel.app/api/public/doc?path=anchor%2Fu-anchors%2Fu2600%2Fsbs%2Fdata-sheet.pdf"
choose,"U3400 DWG","DWG","anchor/u-anchors/u3400/epdm/cad.dwg","https://anchor-sales-copilot.vercel.app/api/public/doc?path=anchor%2Fu-anchors%2Fu3400%2Fepdm%2Fcad.dwg"
choose,"U3400 DWG","DWG","anchor/u-anchors/u3400/kee/cad.dwg","https://anchor-sales-copilot.vercel.app/api/public/doc?path=anchor%2Fu-anchors%2Fu3400%2Fkee%2Fcad.dwg"
choose,"U3400 DWG","DWG","anchor/u-anchors/u3400/pvc/cad.dwg","https://anchor-sales-copilot.vercel.app/api/public/doc?path=anchor%2Fu-anchors%2Fu3400%2Fpvc%2Fcad.dwg"
choose,"U3400 DWG","DWG","anchor/u-anchors/u3400/tpo/cad.dwg","https://anchor-sales-copilot.vercel.app/api/public/doc?path=anchor%2Fu-anchors%2Fu3400%2Ftpo%2Fcad.dwg"
choose,"U3400 Sell Sheet","Sell Sheet","anchor/u-anchors/u3400/epdm/sales-sheet.pdf","https://anchor-sales-copilot.vercel.app/api/public/doc?path=anchor%2Fu-anchors%2Fu3400%2Fepdm%2Fsales-sheet.pdf"
choose,"U3400 Sell Sheet","Sell Sheet","anchor/u-anchors/u3400/kee/sales-sheet.pdf","https://anchor-sales-copilot.vercel.app/api/public/doc?path=anchor%2Fu-anchors%2Fu3400%2Fkee%2Fsales-sheet.pdf"
choose,"U3400 Sell Sheet","Sell Sheet","anchor/u-anchors/u3400/pvc/sales-sheet.pdf","https://anchor-sales-copilot.vercel.app/api/public/doc?path=anchor%2Fu-anchors%2Fu3400%2Fpvc%2Fsales-sheet.pdf"
choose,"U3400 Sell Sheet","Sell Sheet","anchor/u-anchors/u3400/tpo/sales-sheet.pdf","https://anchor-sales-copilot.vercel.app/api/public/doc?path=anchor%2Fu-anchors%2Fu3400%2Ftpo%2Fsales-sheet.pdf"
choose,"U3400 Technical Data Sheet","Technical Data Sheet","anchor/u-anchors/u3400/epdm/product-data-sheet.pdf","https://anchor-sales-copilot.vercel.app/api/public/doc?path=anchor%2Fu-anchors%2Fu3400%2Fepdm%2Fproduct-data-sheet.pdf"
choose,"U3400 Technical Data Sheet","Technical Data Sheet","anchor/u-anchors/u3400/kee/data-sheet.pdf","https://anchor-sales-copilot.vercel.app/api/public/doc?path=anchor%2Fu-anchors%2Fu3400%2Fkee%2Fdata-sheet.pdf"
choose,"U3400 Technical Data Sheet","Technical Data Sheet","anchor/u-anchors/u3400/pvc/data-sheet.pdf","https://anchor-sales-copilot.vercel.app/api/public/doc?path=anchor%2Fu-anchors%2Fu3400%2Fpvc%2Fdata-sheet.pdf"
choose,"U3400 Technical Data Sheet","Technical Data Sheet","anchor/u-anchors/u3400/tpo/data-sheet.pdf","https://anchor-sales-copilot.vercel.app/api/public/doc?path=anchor%2Fu-anchors%2Fu3400%2Ftpo%2Fdata-sheet.pdf"
choose,"U3600 DWG","DWG","anchor/u-anchors/u3600/app/cad.dwg","https://anchor-sales-copilot.vercel.app/api/public/doc?path=anchor%2Fu-anchors%2Fu3600%2Fapp%2Fcad.dwg"
choose,"U3600 DWG","DWG","anchor/u-anchors/u3600/sbs-torch/cad.dwg","https://anchor-sales-copilot.vercel.app/api/public/doc?path=anchor%2Fu-anchors%2Fu3600%2Fsbs-torch%2Fcad.dwg"
choose,"U3600 DWG","DWG","anchor/u-anchors/u3600/sbs/cad.dwg","https://anchor-sales-copilot.vercel.app/api/public/doc?path=anchor%2Fu-anchors%2Fu3600%2Fsbs%2Fcad.dwg"
choose,"U3600 Sell Sheet","Sell Sheet","anchor/u-anchors/u3600/app/sales-sheet.pdf","https://anchor-sales-copilot.vercel.app/api/public/doc?path=anchor%2Fu-anchors%2Fu3600%2Fapp%2Fsales-sheet.pdf"
choose,"U3600 Sell Sheet","Sell Sheet","anchor/u-anchors/u3600/sbs-torch/sales-sheet.pdf","https://anchor-sales-copilot.vercel.app/api/public/doc?path=anchor%2Fu-anchors%2Fu3600%2Fsbs-torch%2Fsales-sheet.pdf"
choose,"U3600 Sell Sheet","Sell Sheet","anchor/u-anchors/u3600/sbs/sales-sheet.pdf","https://anchor-sales-copilot.vercel.app/api/public/doc?path=anchor%2Fu-anchors%2Fu3600%2Fsbs%2Fsales-sheet.pdf"
choose,"U3600 Technical Data Sheet","Technical Data Sheet","anchor/u-anchors/u3600/app/data-sheet.pdf","https://anchor-sales-copilot.vercel.app/api/public/doc?path=anchor%2Fu-anchors%2Fu3600%2Fapp%2Fdata-sheet.pdf"
choose,"U3600 Technical Data Sheet","Technical Data Sheet","anchor/u-anchors/u3600/sbs-torch/data-sheet.pdf","https://anchor-sales-copilot.vercel.app/api/public/doc?path=anchor%2Fu-anchors%2Fu3600%2Fsbs-torch%2Fdata-sheet.pdf"
choose,"U3600 Technical Data Sheet","Technical Data Sheet","anchor/u-anchors/u3600/sbs/data-sheet.pdf","https://anchor-sales-copilot.vercel.app/api/public/doc?path=anchor%2Fu-anchors%2Fu3600%2Fsbs%2Fdata-sheet.pdf"
no_file,"Electrical Disconnect Box Installation Sheet","no Installation Sheet in solutions/electrical-disconnect","",""
no_file,"Equipment Screen Data Sheet","no Data Sheet in solutions/equipment-screen","",""
no_file,"Equipment Screen Installation Sheet","no Installation Sheet in solutions/equipment-screen","",""
no_file,"Lightning Data Sheet","no Data Sheet in solutions/lightning","",""
no_file,"Lightning Installation Sheet","no Installation Sheet in solutions/lightning","",""
no_file,"Lightning Step File","no Step File in solutions/lightning","",""
no_file,"Pipe Securement Step File","no Step File in any of 4 folders","",""
no_file,"Roof Mounted Guardrail Step File","no Step File in solutions/roof-guardrail","",""
no_file,"Roof Stairs & Walkways Installation Sheet","no Installation Sheet in any of 3 folders","",""
no_file,"Satellite Data Sheet","no Data Sheet in solutions/satellite-dish","",""
no_file,"Signage Data Sheet","no Data Sheet in solutions/signage","",""
no_file,"Signage Installation Sheet","no Installation Sheet in solutions/signage","",""
no_file,"Signage Step File","no Step File in solutions/signage","",""
no_file,"Solar Data Sheet","no Data Sheet in solutions/solar","",""
no_file,"Solar Installation Sheet","no Installation Sheet in solutions/solar","",""
no_file,"Solar Installation Video","unrecognized doc type","",""
no_file,"Solar Sales Sheet","no Sales Sheet in solutions/solar","",""
no_file,"U2000 Technical Drawings","no Technical Drawings under u2000/*","",""
no_file,"U2200 Plate Technical Drawings","no Technical Drawings in u2200/plate","",""
no_file,"U2400 Technical Drawings","no Technical Drawings under u2400/*","",""
no_file,"U2600 Technical Drawings ","unrecognized doc type","",""
no_file,"U2800 Technical Drawings","no Technical Drawings under u2800/*","",""
no_file,"U3200 Technical Drawings","no Technical Drawings under u3200/*","",""
no_file,"U3400 Technical Drawings","no Technical Drawings under u3400/*","",""
no_file,"U3600 Technical Drawings","no Technical Drawings under u3600/*","",""
no_file,"U3800 Technical Drawings","no Technical Drawings under u3800/*","",""
no_file,"Unitized Snow Fence Installation Sheet","no Installation Sheet in solutions/snow-retention/unitized-snow-fence","",""
no_file,"Wall Mounted Box Data Sheet","no Data Sheet in solutions/wall-box","",""
no_file,"Wall Mounted Box Sales Sheet","no Sales Sheet in solutions/wall-box","",""
orphan_file,"","","anchor/u-anchors/u2000/kee/case-study.pdf","https://anchor-sales-copilot.vercel.app/api/public/doc?path=anchor%2Fu-anchors%2Fu2000%2Fkee%2Fcase-study.pdf"
orphan_file,"","","anchor/u-anchors/u2000/kee/test-report.pdf","https://anchor-sales-copilot.vercel.app/api/public/doc?path=anchor%2Fu-anchors%2Fu2000%2Fkee%2Ftest-report.pdf"
orphan_file,"","","anchor/u-anchors/u2000/pvc/manufacturer-approval.pdf","https://anchor-sales-copilot.vercel.app/api/public/doc?path=anchor%2Fu-anchors%2Fu2000%2Fpvc%2Fmanufacturer-approval.pdf"
orphan_file,"","","anchor/u-anchors/u2000/pvc/product-data-sheet.pdf","https://anchor-sales-copilot.vercel.app/api/public/doc?path=anchor%2Fu-anchors%2Fu2000%2Fpvc%2Fproduct-data-sheet.pdf"
orphan_file,"","","anchor/u-anchors/u2000/pvc/test-report.pdf","https://anchor-sales-copilot.vercel.app/api/public/doc?path=anchor%2Fu-anchors%2Fu2000%2Fpvc%2Ftest-report.pdf"
orphan_file,"","","anchor/u-anchors/u2000/tpo/case-study-carribeanva.pdf","https://anchor-sales-copilot.vercel.app/api/public/doc?path=anchor%2Fu-anchors%2Fu2000%2Ftpo%2Fcase-study-carribeanva.pdf"
orphan_file,"","","anchor/u-anchors/u2000/tpo/case-study.pdf","https://anchor-sales-copilot.vercel.app/api/public/doc?path=anchor%2Fu-anchors%2Fu2000%2Ftpo%2Fcase-study.pdf"
orphan_file,"","","anchor/u-anchors/u2000/tpo/manufacturer-approval.pdf","https://anchor-sales-copilot.vercel.app/api/public/doc?path=anchor%2Fu-anchors%2Fu2000%2Ftpo%2Fmanufacturer-approval.pdf"
orphan_file,"","","anchor/u-anchors/u2000/tpo/product-data-sheet.pdf","https://anchor-sales-copilot.vercel.app/api/public/doc?path=anchor%2Fu-anchors%2Fu2000%2Ftpo%2Fproduct-data-sheet.pdf"
orphan_file,"","","anchor/u-anchors/u2000/tpo/test-report.pdf","https://anchor-sales-copilot.vercel.app/api/public/doc?path=anchor%2Fu-anchors%2Fu2000%2Ftpo%2Ftest-report.pdf"
orphan_file,"","","anchor/u-anchors/u2200/plate/product-data-sheet.pdf","https://anchor-sales-copilot.vercel.app/api/public/doc?path=anchor%2Fu-anchors%2Fu2200%2Fplate%2Fproduct-data-sheet.pdf"
orphan_file,"","","anchor/u-anchors/u2200/plate/test-report.pdf","https://anchor-sales-copilot.vercel.app/api/public/doc?path=anchor%2Fu-anchors%2Fu2200%2Fplate%2Ftest-report.pdf"
orphan_file,"","","anchor/u-anchors/u2400/epdm/case-study.pdf","https://anchor-sales-copilot.vercel.app/api/public/doc?path=anchor%2Fu-anchors%2Fu2400%2Fepdm%2Fcase-study.pdf"
orphan_file,"","","anchor/u-anchors/u2400/epdm/manufacturer-approval.pdf","https://anchor-sales-copilot.vercel.app/api/public/doc?path=anchor%2Fu-anchors%2Fu2400%2Fepdm%2Fmanufacturer-approval.pdf"
orphan_file,"","","anchor/u-anchors/u2400/epdm/product-data-sheet.pdf","https://anchor-sales-copilot.vercel.app/api/public/doc?path=anchor%2Fu-anchors%2Fu2400%2Fepdm%2Fproduct-data-sheet.pdf"
orphan_file,"","","anchor/u-anchors/u2400/epdm/test-report.pdf","https://anchor-sales-copilot.vercel.app/api/public/doc?path=anchor%2Fu-anchors%2Fu2400%2Fepdm%2Ftest-report.pdf"
orphan_file,"","","anchor/u-anchors/u2400/kee/manufacturer-approval.pdf","https://anchor-sales-copilot.vercel.app/api/public/doc?path=anchor%2Fu-anchors%2Fu2400%2Fkee%2Fmanufacturer-approval.pdf"
orphan_file,"","","anchor/u-anchors/u2400/kee/product-data-sheet.pdf","https://anchor-sales-copilot.vercel.app/api/public/doc?path=anchor%2Fu-anchors%2Fu2400%2Fkee%2Fproduct-data-sheet.pdf"
orphan_file,"","","anchor/u-anchors/u2400/kee/test-report.pdf","https://anchor-sales-copilot.vercel.app/api/public/doc?path=anchor%2Fu-anchors%2Fu2400%2Fkee%2Ftest-report.pdf"
orphan_file,"","","anchor/u-anchors/u2400/pvc/case-study-supertarget.pdf","https://anchor-sales-copilot.vercel.app/api/public/doc?path=anchor%2Fu-anchors%2Fu2400%2Fpvc%2Fcase-study-supertarget.pdf"
orphan_file,"","","anchor/u-anchors/u2400/pvc/case-study-westindawn.pdf","https://anchor-sales-copilot.vercel.app/api/public/doc?path=anchor%2Fu-anchors%2Fu2400%2Fpvc%2Fcase-study-westindawn.pdf"
orphan_file,"","","anchor/u-anchors/u2400/pvc/manufacturer-approval.pdf","https://anchor-sales-copilot.vercel.app/api/public/doc?path=anchor%2Fu-anchors%2Fu2400%2Fpvc%2Fmanufacturer-approval.pdf"
orphan_file,"","","anchor/u-anchors/u2400/pvc/product-data-sheet.pdf","https://anchor-sales-copilot.vercel.app/api/public/doc?path=anchor%2Fu-anchors%2Fu2400%2Fpvc%2Fproduct-data-sheet.pdf"
orphan_file,"","","anchor/u-anchors/u2400/pvc/test-report.pdf","https://anchor-sales-copilot.vercel.app/api/public/doc?path=anchor%2Fu-anchors%2Fu2400%2Fpvc%2Ftest-report.pdf"
orphan_file,"","","anchor/u-anchors/u2400/tpo/case-study.pdf","https://anchor-sales-copilot.vercel.app/api/public/doc?path=anchor%2Fu-anchors%2Fu2400%2Ftpo%2Fcase-study.pdf"
orphan_file,"","","anchor/u-anchors/u2400/tpo/manufacturer-approval.pdf","https://anchor-sales-copilot.vercel.app/api/public/doc?path=anchor%2Fu-anchors%2Fu2400%2Ftpo%2Fmanufacturer-approval.pdf"
orphan_file,"","","anchor/u-anchors/u2400/tpo/product-data-sheet.pdf","https://anchor-sales-copilot.vercel.app/api/public/doc?path=anchor%2Fu-anchors%2Fu2400%2Ftpo%2Fproduct-data-sheet.pdf"
orphan_file,"","","anchor/u-anchors/u2400/tpo/test-report.pdf","https://anchor-sales-copilot.vercel.app/api/public/doc?path=anchor%2Fu-anchors%2Fu2400%2Ftpo%2Ftest-report.pdf"
orphan_file,"","","anchor/u-anchors/u2600/app/manufacturer-approval.pdf","https://anchor-sales-copilot.vercel.app/api/public/doc?path=anchor%2Fu-anchors%2Fu2600%2Fapp%2Fmanufacturer-approval.pdf"
orphan_file,"","","anchor/u-anchors/u2600/app/product-data-sheet.pdf","https://anchor-sales-copilot.vercel.app/api/public/doc?path=anchor%2Fu-anchors%2Fu2600%2Fapp%2Fproduct-data-sheet.pdf"
orphan_file,"","","anchor/u-anchors/u2600/app/test-report.pdf","https://anchor-sales-copilot.vercel.app/api/public/doc?path=anchor%2Fu-anchors%2Fu2600%2Fapp%2Ftest-report.pdf"
orphan_file,"","","anchor/u-anchors/u2600/sbs-torch/manufacturer-approval.pdf","https://anchor-sales-copilot.vercel.app/api/public/doc?path=anchor%2Fu-anchors%2Fu2600%2Fsbs-torch%2Fmanufacturer-approval.pdf"
orphan_file,"","","anchor/u-anchors/u2600/sbs-torch/product-data-sheet.pdf","https://anchor-sales-copilot.vercel.app/api/public/doc?path=anchor%2Fu-anchors%2Fu2600%2Fsbs-torch%2Fproduct-data-sheet.pdf"
orphan_file,"","","anchor/u-anchors/u2600/sbs-torch/test-report.pdf","https://anchor-sales-copilot.vercel.app/api/public/doc?path=anchor%2Fu-anchors%2Fu2600%2Fsbs-torch%2Ftest-report.pdf"
orphan_file,"","","anchor/u-anchors/u2600/sbs/manufacturer-approval.pdf","https://anchor-sales-copilot.vercel.app/api/public/doc?path=anchor%2Fu-anchors%2Fu2600%2Fsbs%2Fmanufacturer-approval.pdf"
orphan_file,"","","anchor/u-anchors/u2600/sbs/product-data-sheet.pdf","https://anchor-sales-copilot.vercel.app/api/public/doc?path=anchor%2Fu-anchors%2Fu2600%2Fsbs%2Fproduct-data-sheet.pdf"
orphan_file,"","","anchor/u-anchors/u2600/sbs/test-report.pdf","https://anchor-sales-copilot.vercel.app/api/public/doc?path=anchor%2Fu-anchors%2Fu2600%2Fsbs%2Ftest-report.pdf"
orphan_file,"","","anchor/u-anchors/u2800/coatings/product-data-sheet.pdf","https://anchor-sales-copilot.vercel.app/api/public/doc?path=anchor%2Fu-anchors%2Fu2800%2Fcoatings%2Fproduct-data-sheet.pdf"
orphan_file,"","","anchor/u-anchors/u2800/coatings/test-report.pdf","https://anchor-sales-copilot.vercel.app/api/public/doc?path=anchor%2Fu-anchors%2Fu2800%2Fcoatings%2Ftest-report.pdf"
orphan_file,"","","anchor/u-anchors/u3200/plate/product-data-sheet.pdf","https://anchor-sales-copilot.vercel.app/api/public/doc?path=anchor%2Fu-anchors%2Fu3200%2Fplate%2Fproduct-data-sheet.pdf"
orphan_file,"","","anchor/u-anchors/u3400/epdm/Install-Sheet.pdf","https://anchor-sales-copilot.vercel.app/api/public/doc?path=anchor%2Fu-anchors%2Fu3400%2Fepdm%2FInstall-Sheet.pdf"
orphan_file,"","","anchor/u-anchors/u3400/epdm/manufacturer-approval.pdf","https://anchor-sales-copilot.vercel.app/api/public/doc?path=anchor%2Fu-anchors%2Fu3400%2Fepdm%2Fmanufacturer-approval.pdf"
orphan_file,"","","anchor/u-anchors/u3400/kee/manufacturer-approval.pdf","https://anchor-sales-copilot.vercel.app/api/public/doc?path=anchor%2Fu-anchors%2Fu3400%2Fkee%2Fmanufacturer-approval.pdf"
orphan_file,"","","anchor/u-anchors/u3400/kee/product-data-sheet.pdf","https://anchor-sales-copilot.vercel.app/api/public/doc?path=anchor%2Fu-anchors%2Fu3400%2Fkee%2Fproduct-data-sheet.pdf"
orphan_file,"","","anchor/u-anchors/u3400/pvc/manufacturer-approval.pdf","https://anchor-sales-copilot.vercel.app/api/public/doc?path=anchor%2Fu-anchors%2Fu3400%2Fpvc%2Fmanufacturer-approval.pdf"
orphan_file,"","","anchor/u-anchors/u3400/pvc/product-data-sheet.pdf","https://anchor-sales-copilot.vercel.app/api/public/doc?path=anchor%2Fu-anchors%2Fu3400%2Fpvc%2Fproduct-data-sheet.pdf"
orphan_file,"","","anchor/u-anchors/u3400/tpo/manufacturer-approval.pdf","https://anchor-sales-copilot.vercel.app/api/public/doc?path=anchor%2Fu-anchors%2Fu3400%2Ftpo%2Fmanufacturer-approval.pdf"
orphan_file,"","","anchor/u-anchors/u3400/tpo/product-data-sheet.pdf","https://anchor-sales-copilot.vercel.app/api/public/doc?path=anchor%2Fu-anchors%2Fu3400%2Ftpo%2Fproduct-data-sheet.pdf"
orphan_file,"","","anchor/u-anchors/u3600/app/manufacturer-approval.pdf","https://anchor-sales-copilot.vercel.app/api/public/doc?path=anchor%2Fu-anchors%2Fu3600%2Fapp%2Fmanufacturer-approval.pdf"
orphan_file,"","","anchor/u-anchors/u3600/app/product-data-sheet.pdf","https://anchor-sales-copilot.vercel.app/api/public/doc?path=anchor%2Fu-anchors%2Fu3600%2Fapp%2Fproduct-data-sheet.pdf"
orphan_file,"","","anchor/u-anchors/u3600/sbs-torch/manufacturer-approval.pdf","https://anchor-sales-copilot.vercel.app/api/public/doc?path=anchor%2Fu-anchors%2Fu3600%2Fsbs-torch%2Fmanufacturer-approval.pdf"
orphan_file,"","","anchor/u-anchors/u3600/sbs-torch/product-data-sheet.pdf","https://anchor-sales-copilot.vercel.app/api/public/doc?path=anchor%2Fu-anchors%2Fu3600%2Fsbs-torch%2Fproduct-data-sheet.pdf"
orphan_file,"","","anchor/u-anchors/u3600/sbs/manufacturer-approval.pdf","https://anchor-sales-copilot.vercel.app/api/public/doc?path=anchor%2Fu-anchors%2Fu3600%2Fsbs%2Fmanufacturer-approval.pdf"
orphan_file,"","","anchor/u-anchors/u3600/sbs/product-data-sheet.pdf","https://anchor-sales-copilot.vercel.app/api/public/doc?path=anchor%2Fu-anchors%2Fu3600%2Fsbs%2Fproduct-data-sheet.pdf"
orphan_file,"","","anchor/u-anchors/u3800/coatings/product-data-sheet.pdf","https://anchor-sales-copilot.vercel.app/api/public/doc?path=anchor%2Fu-anchors%2Fu3800%2Fcoatings%2Fproduct-data-sheet.pdf"
orphan_file,"","","solutions/camera-mount/case-study-houston-space-center.pdf","https://anchor-sales-copilot.vercel.app/api/public/doc?path=solutions%2Fcamera-mount%2Fcase-study-houston-space-center.pdf"
orphan_file,"","","solutions/duct-securement/data-sheet-36x36-standard.pdf","https://anchor-sales-copilot.vercel.app/api/public/doc?path=solutions%2Fduct-securement%2Fdata-sheet-36x36-standard.pdf"
orphan_file,"","","solutions/duct-securement/data-sheet-36x48-standard.pdf","https://anchor-sales-copilot.vercel.app/api/public/doc?path=solutions%2Fduct-securement%2Fdata-sheet-36x48-standard.pdf"
orphan_file,"","","solutions/duct-securement/intake-form.pdf","https://anchor-sales-copilot.vercel.app/api/public/doc?path=solutions%2Fduct-securement%2Fintake-form.pdf"
orphan_file,"","","solutions/elevated-stack/Tower/Stack Securement - 2000 Series U-Anchor/cad.dwg","https://anchor-sales-copilot.vercel.app/api/public/doc?path=solutions%2Felevated-stack%2FTower%2FStack%20Securement%20-%202000%20Series%20U-Anchor%2Fcad.dwg"
orphan_file,"","","solutions/elevated-stack/Tower/Stack Securement - 2000 Series U-Anchor/intake-form.pdf","https://anchor-sales-copilot.vercel.app/api/public/doc?path=solutions%2Felevated-stack%2FTower%2FStack%20Securement%20-%202000%20Series%20U-Anchor%2Fintake-form.pdf"
orphan_file,"","","solutions/existing-mechanical-tie-down/case-study-houston-space-center.pdf","https://anchor-sales-copilot.vercel.app/api/public/doc?path=solutions%2Fexisting-mechanical-tie-down%2Fcase-study-houston-space-center.pdf"
orphan_file,"","","solutions/existing-mechanical-tie-down/intake-form.pdf","https://anchor-sales-copilot.vercel.app/api/public/doc?path=solutions%2Fexisting-mechanical-tie-down%2Fintake-form.pdf"
orphan_file,"","","solutions/large-electrical-box-frame-w-3000-series-u-anchor/Sales-Sheet.pdf","https://anchor-sales-copilot.vercel.app/api/public/doc?path=solutions%2Flarge-electrical-box-frame-w-3000-series-u-anchor%2FSales-Sheet.pdf"
orphan_file,"","","solutions/large-electrical-box-frame-w-3000-series-u-anchor/data-sheet-DataSheet.pdf","https://anchor-sales-copilot.vercel.app/api/public/doc?path=solutions%2Flarge-electrical-box-frame-w-3000-series-u-anchor%2Fdata-sheet-DataSheet.pdf"
orphan_file,"","","solutions/large-electrical-box-frame-w-3000-series-u-anchor/data-sheet-InstallSheet.pdf","https://anchor-sales-copilot.vercel.app/api/public/doc?path=solutions%2Flarge-electrical-box-frame-w-3000-series-u-anchor%2Fdata-sheet-InstallSheet.pdf"
orphan_file,"","","solutions/lightning/case-study-space-center-houston.pdf","https://anchor-sales-copilot.vercel.app/api/public/doc?path=solutions%2Flightning%2Fcase-study-space-center-houston.pdf"
orphan_file,"","","solutions/medium-electrical-box-frame-w-3000-series-u-anchor/Data-Sheet.pdf","https://anchor-sales-copilot.vercel.app/api/public/doc?path=solutions%2Fmedium-electrical-box-frame-w-3000-series-u-anchor%2FData-Sheet.pdf"
orphan_file,"","","solutions/medium-electrical-box-frame-w-3000-series-u-anchor/Sales-Sheet.pdf","https://anchor-sales-copilot.vercel.app/api/public/doc?path=solutions%2Fmedium-electrical-box-frame-w-3000-series-u-anchor%2FSales-Sheet.pdf"
orphan_file,"","","solutions/pipe-frame/attached/data-sheet-36x36-standard.pdf","https://anchor-sales-copilot.vercel.app/api/public/doc?path=solutions%2Fpipe-frame%2Fattached%2Fdata-sheet-36x36-standard.pdf"
orphan_file,"","","solutions/pipe-frame/attached/data-sheet-36x48-standard.pdf","https://anchor-sales-copilot.vercel.app/api/public/doc?path=solutions%2Fpipe-frame%2Fattached%2Fdata-sheet-36x48-standard.pdf"
orphan_file,"","","solutions/pipe-frame/attached/intake-form.pdf","https://anchor-sales-copilot.vercel.app/api/public/doc?path=solutions%2Fpipe-frame%2Fattached%2Fintake-form.pdf"
orphan_file,"","","solutions/pipe-frame/exisiting/assembly.step","https://anchor-sales-copilot.vercel.app/api/public/doc?path=solutions%2Fpipe-frame%2Fexisiting%2Fassembly.step"
orphan_file,"","","solutions/pipe-frame/exisiting/case-study-houston-space-center.pdf","https://anchor-sales-copilot.vercel.app/api/public/doc?path=solutions%2Fpipe-frame%2Fexisiting%2Fcase-study-houston-space-center.pdf"
orphan_file,"","","solutions/pipe-frame/exisiting/data-sheet-36x36-standard.pdf","https://anchor-sales-copilot.vercel.app/api/public/doc?path=solutions%2Fpipe-frame%2Fexisiting%2Fdata-sheet-36x36-standard.pdf"
orphan_file,"","","solutions/pipe-frame/exisiting/data-sheet-36x48-standard.pdf","https://anchor-sales-copilot.vercel.app/api/public/doc?path=solutions%2Fpipe-frame%2Fexisiting%2Fdata-sheet-36x48-standard.pdf"
orphan_file,"","","solutions/pipe-frame/exisiting/intake-form.pdf","https://anchor-sales-copilot.vercel.app/api/public/doc?path=solutions%2Fpipe-frame%2Fexisiting%2Fintake-form.pdf"
orphan_file,"","","solutions/small-electrical-box-frame-w-3000-series-u-anchor/Sales-Sheet.pdf","https://anchor-sales-copilot.vercel.app/api/public/doc?path=solutions%2Fsmall-electrical-box-frame-w-3000-series-u-anchor%2FSales-Sheet.pdf"
orphan_file,"","","solutions/small-electrical-box-frame-w-3000-series-u-anchor/data-sheet-DataSheet.pdf","https://anchor-sales-copilot.vercel.app/api/public/doc?path=solutions%2Fsmall-electrical-box-frame-w-3000-series-u-anchor%2Fdata-sheet-DataSheet.pdf"
orphan_file,"","","solutions/snow-retention/2-pipe-snow-fence/intake-form.pdf","https://anchor-sales-copilot.vercel.app/api/public/doc?path=solutions%2Fsnow-retention%2F2-pipe-snow-fence%2Fintake-form.pdf"
orphan_file,"","","solutions/solar/case-study-carribean-va.pdf","https://anchor-sales-copilot.vercel.app/api/public/doc?path=solutions%2Fsolar%2Fcase-study-carribean-va.pdf"
orphan_file,"","","solutions/solar/case-study-golden1.pdf","https://anchor-sales-copilot.vercel.app/api/public/doc?path=solutions%2Fsolar%2Fcase-study-golden1.pdf"
orphan_file,"","","solutions/solar/case-study-ipark.pdf","https://anchor-sales-copilot.vercel.app/api/public/doc?path=solutions%2Fsolar%2Fcase-study-ipark.pdf"
orphan_file,"","","solutions/solar/case-study-mandalay-bay.pdf","https://anchor-sales-copilot.vercel.app/api/public/doc?path=solutions%2Fsolar%2Fcase-study-mandalay-bay.pdf"
orphan_file,"","","solutions/solar/case-study-super-target.pdf","https://anchor-sales-copilot.vercel.app/api/public/doc?path=solutions%2Fsolar%2Fcase-study-super-target.pdf"
orphan_file,"","","solutions/weather-station/assembly.step","https://anchor-sales-copilot.vercel.app/api/public/doc?path=solutions%2Fweather-station%2Fassembly.step"
orphan_file,"","","solutions/weather-station/cad.dwg","https://anchor-sales-copilot.vercel.app/api/public/doc?path=solutions%2Fweather-station%2Fcad.dwg"
orphan_file,"","","solutions/weather-station/case-study-houston-space-center.pdf","https://anchor-sales-copilot.vercel.app/api/public/doc?path=solutions%2Fweather-station%2Fcase-study-houston-space-center.pdf"
orphan_file,"","","solutions/weather-station/data-sheet.pdf","https://anchor-sales-copilot.vercel.app/api/public/doc?path=solutions%2Fweather-station%2Fdata-sheet.pdf"
orphan_file,"","","solutions/weather-station/sales-sheet.pdf","https://anchor-sales-copilot.vercel.app/api/public/doc?path=solutions%2Fweather-station%2Fsales-sheet.pdf"
orphan_file,"","","spec/anchor-products-spec-v1.docx","https://anchor-sales-copilot.vercel.app/api/public/doc?path=spec%2Fanchor-products-spec-v1.docx"
